Series_ID,Best_Model,Best_Model_Params,Season_Length,Test_RMSE,Test_MAE,Test_Bias,Test_CombinedMetric,MFLES_Ran_Successfully,Intermittency,Demand_Class,Stationary,Trend_Category,Trend_Strength
Asia,SeasonalES,{'alpha': 0.3540324334979232},12,0.6171181841803345,0.5035505552676894,-0.04470933249383299,0.48748877212005737,True,Non-Intermittent,Smooth,True,DOWNWARD,0.14705898294663822
France,DynamicOptimizedTheta,{'decomposition_type': 'multiplicative'},12,0.11202390890947457,0.09959693850236431,-0.05200831267313397,0.15419534548637395,True,Non-Intermittent,Smooth,False,UPWARD,0.9078958688938908
India,SeasonalES,{'alpha': 0.9979753811961017},12,0.16821153357729732,0.14023295378836279,-0.051828151945993106,0.2916904366736046,True,Non-Intermittent,Smooth,True,UPWARD,0.8910722439996447
Indonesia,OptimizedTheta,{'decomposition_type': 'multiplicative'},12,0.10897153025618708,0.0935688509303226,-0.019017059205447495,0.13922784903481814,True,Non-Intermittent,Smooth,True,UPWARD,0.5694022317444953
Italy,DynamicOptimizedTheta,{'decomposition_type': 'additive'},12,0.16665202010026953,0.14180674531867504,-0.014414532584857238,0.16574748516814078,True,Non-Intermittent,Smooth,True,DOWNWARD,0.8581085972519701
Mexico,AutoMFLES,"{'seasonality_weights': [True, False], 'smoother': [False], 'ma': [12, 6, None], 'seasonal_period': [None, 12]}",12,0.25978254644161164,0.18333619384092123,0.06709075731411746,0.4112971165825515,True,Non-Intermittent,Smooth,True,DOWNWARD,0.682339354572195
Saudi,AutoCES,{},12,0.13769234702581615,0.10301023101039343,-0.003139314978262142,0.2596054716453956,True,Non-Intermittent,Smooth,True,DOWNWARD,0.12131254970252014
Singapore,SeasonalES,{'alpha': 0.4595159029836262},12,0.4827791571390412,0.4236559769298106,-0.13506415185156068,0.36574731843806874,True,Non-Intermittent,Smooth,True,UPWARD,0.2214107658807858
South Africa,AutoTheta,{},12,0.13386324811925324,0.10978934505563978,-0.024573134332873003,0.0022129640827119046,True,Non-Intermittent,Smooth,True,UPWARD,0.37504995903599636
Thailand,AutoETS,{},12,0.4146974408811214,0.315721960435086,0.05852914725804279,0.7289290334661321,True,Non-Intermittent,Smooth,True,DOWNWARD,0.7278577272938964
UK,Holt,{'error_type': 'M'},12,0.19920104133955396,0.147595013165334,0.0904797456148275,0.5450751912304258,True,Non-Intermittent,Smooth,False,DOWNWARD,0.8077976440325731
US,ARIMA,"{'p': 1, 'd': 1, 'q': 3}",12,0.16638488567257365,0.1348325575094389,-0.00302490127100666,0.12431325358526196,True,Non-Intermittent,Smooth,False,UPWARD,0.9229516076508737
